TECHNOLOGY,MAX_BUILD,START_YEAR,END_YEAR
PWRSDSAFGXX01,0,2021,2024
PWRSDSAGOXX01,0,2021,2024
PWRSDSALBXX01,0,2021,2024
PWRSDSAREXX01,0,2021,2024
PWRSDSARGXX01,0,2021,2024
PWRSDSARMXX01,0,2021,2024
PWRSDSATAXX01,0,2021,2024
PWRSDSAUSNT01,0,2021,2024
PWRSDSAUSQL01,0,2021,2024
PWRSDSAUSSA01,0,2021,2024
PWRSDSAUSSW01,0,2021,2024
PWRSDSAUSTA01,0,2021,2024
PWRSDSAUSVI01,0,2021,2024
PWRSDSAUSWA01,0,2021,2024
PWRSDSAUTXX01,0,2021,2024
PWRSDSAZEXX01,0,2021,2024
PWRSDSBDIXX01,0,2021,2024
PWRSDSBELXX01,0,2021,2024
PWRSDSBENXX01,0,2021,2024
PWRSDSBFAXX01,0,2021,2024
PWRSDSBGDXX01,0,2021,2024
PWRSDSBGRXX01,0,2021,2024
PWRSDSBHRXX01,0,2021,2024
PWRSDSBIHXX01,0,2021,2024
PWRSDSBLRXX01,0,2021,2024
PWRSDSBLZXX01,0,2021,2024
PWRSDSBOLXX01,0,2021,2024
PWRSDSBRACN01,0,2021,2024
PWRSDSBRACW01,0,2021,2024
PWRSDSBRAJ101,0,2021,2024
PWRSDSBRAJ201,0,2021,2024
PWRSDSBRAJ301,0,2021,2024
PWRSDSBRANE01,0,2021,2024
PWRSDSBRANW01,0,2021,2024
PWRSDSBRASE01,0,2021,2024
PWRSDSBRASO01,0,2021,2024
PWRSDSBRAWE01,0,2021,2024
PWRSDSBRNXX01,0,2021,2024
PWRSDSBTNXX01,0,2021,2024
PWRSDSBWAXX01,0,2021,2024
PWRSDSCAFXX01,0,2021,2024
PWRSDSCANAB01,0,2021,2024
PWRSDSCANAR01,0,2021,2024
PWRSDSCANBC01,0,2021,2024
PWRSDSCANMB01,0,2021,2024
PWRSDSCANNL01,0,2021,2024
PWRSDSCANNO01,0,2021,2024
PWRSDSCANON01,0,2021,2024
PWRSDSCANQC01,0,2021,2024
PWRSDSCANSK01,0,2021,2024
PWRSDSCHEXX01,0,2021,2024
PWRSDSCHLXX01,0,2021,2024
PWRSDSCHNAN01,0,2021,2024
PWRSDSCHNBE01,0,2021,2024
PWRSDSCHNCH01,0,2021,2024
PWRSDSCHNEM01,0,2021,2024
PWRSDSCHNFU01,0,2021,2024
PWRSDSCHNGA01,0,2021,2024
PWRSDSCHNGD01,0,2021,2024
PWRSDSCHNGU01,0,2021,2024
PWRSDSCHNGX01,0,2021,2024
PWRSDSCHNHA01,0,2021,2024
PWRSDSCHNHB01,0,2021,2024
PWRSDSCHNHE01,0,2021,2024
PWRSDSCHNHJ01,0,2021,2024
PWRSDSCHNHK01,0,2021,2024
PWRSDSCHNHN01,0,2021,2024
PWRSDSCHNHU01,0,2021,2024
PWRSDSCHNJI01,0,2021,2024
PWRSDSCHNJS01,0,2021,2024
PWRSDSCHNJX01,0,2021,2024
PWRSDSCHNLI01,0,2021,2024
PWRSDSCHNMA01,0,2021,2024
PWRSDSCHNNI01,0,2021,2024
PWRSDSCHNQI01,0,2021,2024
PWRSDSCHNSC01,0,2021,2024
PWRSDSCHNSD01,0,2021,2024
PWRSDSCHNSH01,0,2021,2024
PWRSDSCHNSI01,0,2021,2024
PWRSDSCHNSX01,0,2021,2024
PWRSDSCHNTI01,0,2021,2024
PWRSDSCHNTJ01,0,2021,2024
PWRSDSCHNWM01,0,2021,2024
PWRSDSCHNXI01,0,2021,2024
PWRSDSCHNYU01,0,2021,2024
PWRSDSCHNZH01,0,2021,2024
PWRSDSCIVXX01,0,2021,2024
PWRSDSCMRXX01,0,2021,2024
PWRSDSCODXX01,0,2021,2024
PWRSDSCOGXX01,0,2021,2024
PWRSDSCOLXX01,0,2021,2024
PWRSDSCPVXX01,0,2021,2024
PWRSDSCRIXX01,0,2021,2024
PWRSDSCUBXX01,0,2021,2024
PWRSDSCYPXX01,0,2021,2024
PWRSDSCZEXX01,0,2021,2024
PWRSDSDEUXX01,0,2021,2024
PWRSDSDJIXX01,0,2021,2024
PWRSDSDNKXX01,0,2021,2024
PWRSDSDOMXX01,0,2021,2024
PWRSDSDZAXX01,0,2021,2024
PWRSDSECUXX01,0,2021,2024
PWRSDSEGYXX01,0,2021,2024
PWRSDSERIXX01,0,2021,2024
PWRSDSESHXX01,0,2021,2024
PWRSDSESPXX01,0,2021,2024
PWRSDSESTXX01,0,2021,2024
PWRSDSETHXX01,0,2021,2024
PWRSDSFINXX01,0,2021,2024
PWRSDSFJIXX01,0,2021,2024
PWRSDSFRAXX01,0,2021,2024
PWRSDSGABXX01,0,2021,2024
PWRSDSGBRXX01,0,2021,2024
PWRSDSGEOXX01,0,2021,2024
PWRSDSGHAXX01,0,2021,2024
PWRSDSGINXX01,0,2021,2024
PWRSDSGMBXX01,0,2021,2024
PWRSDSGNBXX01,0,2021,2024
PWRSDSGNQXX01,0,2021,2024
PWRSDSGRCXX01,0,2021,2024
PWRSDSGRLXX01,0,2021,2024
PWRSDSGTMXX01,0,2021,2024
PWRSDSGUFXX01,0,2021,2024
PWRSDSGUYXX01,0,2021,2024
PWRSDSHNDXX01,0,2021,2024
PWRSDSHRVXX01,0,2021,2024
PWRSDSHTIXX01,0,2021,2024
PWRSDSHUNXX01,0,2021,2024
PWRSDSIDNXX01,0,2021,2024
PWRSDSINDEA01,0,2021,2024
PWRSDSINDNE01,0,2021,2024
PWRSDSINDNO01,0,2021,2024
PWRSDSINDSO01,0,2021,2024
PWRSDSINDWE01,0,2021,2024
PWRSDSIRLXX01,0,2021,2024
PWRSDSIRNXX01,0,2021,2024
PWRSDSIRQXX01,0,2021,2024
PWRSDSISLXX01,0,2021,2024
PWRSDSISRXX01,0,2021,2024
PWRSDSITAXX01,0,2021,2024
PWRSDSJAMXX01,0,2021,2024
PWRSDSJORXX01,0,2021,2024
PWRSDSJPNCE01,0,2021,2024
PWRSDSJPNHO01,0,2021,2024
PWRSDSJPNKY01,0,2021,2024
PWRSDSJPNOK01,0,2021,2024
PWRSDSJPNSH01,0,2021,2024
PWRSDSJPNTO01,0,2021,2024
PWRSDSKAZXX01,0,2021,2024
PWRSDSKENXX01,0,2021,2024
PWRSDSKGZXX01,0,2021,2024
PWRSDSKHMXX01,0,2021,2024
PWRSDSKORXX01,0,2021,2024
PWRSDSKOSXX01,0,2021,2024
PWRSDSKWTXX01,0,2021,2024
PWRSDSLAOXX01,0,2021,2024
PWRSDSLBNXX01,0,2021,2024
PWRSDSLBRXX01,0,2021,2024
PWRSDSLBYXX01,0,2021,2024
PWRSDSLKAXX01,0,2021,2024
PWRSDSLSOXX01,0,2021,2024
PWRSDSLTUXX01,0,2021,2024
PWRSDSLUXXX01,0,2021,2024
PWRSDSLVAXX01,0,2021,2024
PWRSDSMARXX01,0,2021,2024
PWRSDSMDAXX01,0,2021,2024
PWRSDSMDGXX01,0,2021,2024
PWRSDSMEXXX01,0,2021,2024
PWRSDSMKDXX01,0,2021,2024
PWRSDSMLIXX01,0,2021,2024
PWRSDSMLTXX01,0,2021,2024
PWRSDSMMRXX01,0,2021,2024
PWRSDSMNEXX01,0,2021,2024
PWRSDSMNGXX01,0,2021,2024
PWRSDSMOZXX01,0,2021,2024
PWRSDSMRTXX01,0,2021,2024
PWRSDSMUSXX01,0,2021,2024
PWRSDSMWIXX01,0,2021,2024
PWRSDSMYSXX01,0,2021,2024
PWRSDSNAMXX01,0,2021,2024
PWRSDSNERXX01,0,2021,2024
PWRSDSNGAXX01,0,2021,2024
PWRSDSNICXX01,0,2021,2024
PWRSDSNLDXX01,0,2021,2024
PWRSDSNORXX01,0,2021,2024
PWRSDSNPLXX01,0,2021,2024
PWRSDSNZLXX01,0,2021,2024
PWRSDSOMNXX01,0,2021,2024
PWRSDSPAKXX01,0,2021,2024
PWRSDSPANXX01,0,2021,2024
PWRSDSPERXX01,0,2021,2024
PWRSDSPHLXX01,0,2021,2024
PWRSDSPNGXX01,0,2021,2024
PWRSDSPOLXX01,0,2021,2024
PWRSDSPRKXX01,0,2021,2024
PWRSDSPRTXX01,0,2021,2024
PWRSDSPRYXX01,0,2021,2024
PWRSDSQATXX01,0,2021,2024
PWRSDSROUXX01,0,2021,2024
PWRSDSRUSCE01,0,2021,2024
PWRSDSRUSFE01,0,2021,2024
PWRSDSRUSMV01,0,2021,2024
PWRSDSRUSNW01,0,2021,2024
PWRSDSRUSSI01,0,2021,2024
PWRSDSRUSSO01,0,2021,2024
PWRSDSRUSUR01,0,2021,2024
PWRSDSRWAXX01,0,2021,2024
PWRSDSSAUXX01,0,2021,2024
PWRSDSSDNXX01,0,2021,2024
PWRSDSSENXX01,0,2021,2024
PWRSDSSGPXX01,0,2021,2024
PWRSDSSLEXX01,0,2021,2024
PWRSDSSLVXX01,0,2021,2024
PWRSDSSOMXX01,0,2021,2024
PWRSDSSRBXX01,0,2021,2024
PWRSDSSSDXX01,0,2021,2024
PWRSDSSURXX01,0,2021,2024
PWRSDSSVKXX01,0,2021,2024
PWRSDSSVNXX01,0,2021,2024
PWRSDSSWEXX01,0,2021,2024
PWRSDSSWZXX01,0,2021,2024
PWRSDSSYRXX01,0,2021,2024
PWRSDSTCDXX01,0,2021,2024
PWRSDSTGOXX01,0,2021,2024
PWRSDSTHAXX01,0,2021,2024
PWRSDSTJKXX01,0,2021,2024
PWRSDSTKMXX01,0,2021,2024
PWRSDSTLSXX01,0,2021,2024
PWRSDSTTOXX01,0,2021,2024
PWRSDSTUNXX01,0,2021,2024
PWRSDSTURXX01,0,2021,2024
PWRSDSTWNXX01,0,2021,2024
PWRSDSTZAXX01,0,2021,2024
PWRSDSUGAXX01,0,2021,2024
PWRSDSUKRXX01,0,2021,2024
PWRSDSURYXX01,0,2021,2024
PWRSDSUSAAK01,0,2021,2024
PWRSDSUSAAZ01,0,2021,2024
PWRSDSUSACA01,0,2021,2024
PWRSDSUSAER01,0,2021,2024
PWRSDSUSAFR01,0,2021,2024
PWRSDSUSAGU01,0,2021,2024
PWRSDSUSAHA01,0,2021,2024
PWRSDSUSAME01,0,2021,2024
PWRSDSUSAMW01,0,2021,2024
PWRSDSUSANE01,0,2021,2024
PWRSDSUSANW01,0,2021,2024
PWRSDSUSANY01,0,2021,2024
PWRSDSUSAPR01,0,2021,2024
PWRSDSUSARA01,0,2021,2024
PWRSDSUSARE01,0,2021,2024
PWRSDSUSARM01,0,2021,2024
PWRSDSUSARW01,0,2021,2024
PWRSDSUSASA01,0,2021,2024
PWRSDSUSASC01,0,2021,2024
PWRSDSUSASE01,0,2021,2024
PWRSDSUSASN01,0,2021,2024
PWRSDSUSASS01,0,2021,2024
PWRSDSUSASV01,0,2021,2024
PWRSDSUSASW01,0,2021,2024
PWRSDSUZBXX01,0,2021,2024
PWRSDSVENXX01,0,2021,2024
PWRSDSVNMXX01,0,2021,2024
PWRSDSYEMXX01,0,2021,2024
PWRSDSZAFXX01,0,2021,2024
PWRSDSZMBXX01,0,2021,2024
PWRSDSZWEXX01,0,2021,2024
PWRLDSAFGXX01,0,2021,2024
PWRLDSAGOXX01,0,2021,2024
PWRLDSALBXX01,0,2021,2024
PWRLDSAREXX01,0,2021,2024
PWRLDSARGXX01,0,2021,2024
PWRLDSARMXX01,0,2021,2024
PWRLDSATAXX01,0,2021,2024
PWRLDSAUSNT01,0,2021,2024
PWRLDSAUSQL01,0,2021,2024
PWRLDSAUSSA01,0,2021,2024
PWRLDSAUSSW01,0,2021,2024
PWRLDSAUSTA01,0,2021,2024
PWRLDSAUSVI01,0,2021,2024
PWRLDSAUSWA01,0,2021,2024
PWRLDSAUTXX01,0,2021,2024
PWRLDSAZEXX01,0,2021,2024
PWRLDSBDIXX01,0,2021,2024
PWRLDSBELXX01,0,2021,2024
PWRLDSBENXX01,0,2021,2024
PWRLDSBFAXX01,0,2021,2024
PWRLDSBGDXX01,0,2021,2024
PWRLDSBGRXX01,0,2021,2024
PWRLDSBHRXX01,0,2021,2024
PWRLDSBIHXX01,0,2021,2024
PWRLDSBLRXX01,0,2021,2024
PWRLDSBLZXX01,0,2021,2024
PWRLDSBOLXX01,0,2021,2024
PWRLDSBRACN01,0,2021,2024
PWRLDSBRACW01,0,2021,2024
PWRLDSBRAJ101,0,2021,2024
PWRLDSBRAJ201,0,2021,2024
PWRLDSBRAJ301,0,2021,2024
PWRLDSBRANE01,0,2021,2024
PWRLDSBRANW01,0,2021,2024
PWRLDSBRASE01,0,2021,2024
PWRLDSBRASO01,0,2021,2024
PWRLDSBRAWE01,0,2021,2024
PWRLDSBRNXX01,0,2021,2024
PWRLDSBTNXX01,0,2021,2024
PWRLDSBWAXX01,0,2021,2024
PWRLDSCAFXX01,0,2021,2024
PWRLDSCANAB01,0,2021,2024
PWRLDSCANAR01,0,2021,2024
PWRLDSCANBC01,0,2021,2024
PWRLDSCANMB01,0,2021,2024
PWRLDSCANNL01,0,2021,2024
PWRLDSCANNO01,0,2021,2024
PWRLDSCANON01,0,2021,2024
PWRLDSCANQC01,0,2021,2024
PWRLDSCANSK01,0,2021,2024
PWRLDSCHEXX01,0,2021,2024
PWRLDSCHLXX01,0,2021,2024
PWRLDSCHNAN01,0,2021,2024
PWRLDSCHNBE01,0,2021,2024
PWRLDSCHNCH01,0,2021,2024
PWRLDSCHNEM01,0,2021,2024
PWRLDSCHNFU01,0,2021,2024
PWRLDSCHNGA01,0,2021,2024
PWRLDSCHNGD01,0,2021,2024
PWRLDSCHNGU01,0,2021,2024
PWRLDSCHNGX01,0,2021,2024
PWRLDSCHNHA01,0,2021,2024
PWRLDSCHNHB01,0,2021,2024
PWRLDSCHNHE01,0,2021,2024
PWRLDSCHNHJ01,0,2021,2024
PWRLDSCHNHK01,0,2021,2024
PWRLDSCHNHN01,0,2021,2024
PWRLDSCHNHU01,0,2021,2024
PWRLDSCHNJI01,0,2021,2024
PWRLDSCHNJS01,0,2021,2024
PWRLDSCHNJX01,0,2021,2024
PWRLDSCHNLI01,0,2021,2024
PWRLDSCHNMA01,0,2021,2024
PWRLDSCHNNI01,0,2021,2024
PWRLDSCHNQI01,0,2021,2024
PWRLDSCHNSC01,0,2021,2024
PWRLDSCHNSD01,0,2021,2024
PWRLDSCHNSH01,0,2021,2024
PWRLDSCHNSI01,0,2021,2024
PWRLDSCHNSX01,0,2021,2024
PWRLDSCHNTI01,0,2021,2024
PWRLDSCHNTJ01,0,2021,2024
PWRLDSCHNWM01,0,2021,2024
PWRLDSCHNXI01,0,2021,2024
PWRLDSCHNYU01,0,2021,2024
PWRLDSCHNZH01,0,2021,2024
PWRLDSCIVXX01,0,2021,2024
PWRLDSCMRXX01,0,2021,2024
PWRLDSCODXX01,0,2021,2024
PWRLDSCOGXX01,0,2021,2024
PWRLDSCOLXX01,0,2021,2024
PWRLDSCPVXX01,0,2021,2024
PWRLDSCRIXX01,0,2021,2024
PWRLDSCUBXX01,0,2021,2024
PWRLDSCYPXX01,0,2021,2024
PWRLDSCZEXX01,0,2021,2024
PWRLDSDEUXX01,0,2021,2024
PWRLDSDJIXX01,0,2021,2024
PWRLDSDNKXX01,0,2021,2024
PWRLDSDOMXX01,0,2021,2024
PWRLDSDZAXX01,0,2021,2024
PWRLDSECUXX01,0,2021,2024
PWRLDSEGYXX01,0,2021,2024
PWRLDSERIXX01,0,2021,2024
PWRLDSESHXX01,0,2021,2024
PWRLDSESPXX01,0,2021,2024
PWRLDSESTXX01,0,2021,2024
PWRLDSETHXX01,0,2021,2024
PWRLDSFINXX01,0,2021,2024
PWRLDSFJIXX01,0,2021,2024
PWRLDSFRAXX01,0,2021,2024
PWRLDSGABXX01,0,2021,2024
PWRLDSGBRXX01,0,2021,2024
PWRLDSGEOXX01,0,2021,2024
PWRLDSGHAXX01,0,2021,2024
PWRLDSGINXX01,0,2021,2024
PWRLDSGMBXX01,0,2021,2024
PWRLDSGNBXX01,0,2021,2024
PWRLDSGNQXX01,0,2021,2024
PWRLDSGRCXX01,0,2021,2024
PWRLDSGRLXX01,0,2021,2024
PWRLDSGTMXX01,0,2021,2024
PWRLDSGUFXX01,0,2021,2024
PWRLDSGUYXX01,0,2021,2024
PWRLDSHNDXX01,0,2021,2024
PWRLDSHRVXX01,0,2021,2024
PWRLDSHTIXX01,0,2021,2024
PWRLDSHUNXX01,0,2021,2024
PWRLDSIDNXX01,0,2021,2024
PWRLDSINDEA01,0,2021,2024
PWRLDSINDNE01,0,2021,2024
PWRLDSINDNO01,0,2021,2024
PWRLDSINDSO01,0,2021,2024
PWRLDSINDWE01,0,2021,2024
PWRLDSIRLXX01,0,2021,2024
PWRLDSIRNXX01,0,2021,2024
PWRLDSIRQXX01,0,2021,2024
PWRLDSISLXX01,0,2021,2024
PWRLDSISRXX01,0,2021,2024
PWRLDSITAXX01,0,2021,2024
PWRLDSJAMXX01,0,2021,2024
PWRLDSJORXX01,0,2021,2024
PWRLDSJPNCE01,0,2021,2024
PWRLDSJPNHO01,0,2021,2024
PWRLDSJPNKY01,0,2021,2024
PWRLDSJPNOK01,0,2021,2024
PWRLDSJPNSH01,0,2021,2024
PWRLDSJPNTO01,0,2021,2024
PWRLDSKAZXX01,0,2021,2024
PWRLDSKENXX01,0,2021,2024
PWRLDSKGZXX01,0,2021,2024
PWRLDSKHMXX01,0,2021,2024
PWRLDSKORXX01,0,2021,2024
PWRLDSKOSXX01,0,2021,2024
PWRLDSKWTXX01,0,2021,2024
PWRLDSLAOXX01,0,2021,2024
PWRLDSLBNXX01,0,2021,2024
PWRLDSLBRXX01,0,2021,2024
PWRLDSLBYXX01,0,2021,2024
PWRLDSLKAXX01,0,2021,2024
PWRLDSLSOXX01,0,2021,2024
PWRLDSLTUXX01,0,2021,2024
PWRLDSLUXXX01,0,2021,2024
PWRLDSLVAXX01,0,2021,2024
PWRLDSMARXX01,0,2021,2024
PWRLDSMDAXX01,0,2021,2024
PWRLDSMDGXX01,0,2021,2024
PWRLDSMEXXX01,0,2021,2024
PWRLDSMKDXX01,0,2021,2024
PWRLDSMLIXX01,0,2021,2024
PWRLDSMLTXX01,0,2021,2024
PWRLDSMMRXX01,0,2021,2024
PWRLDSMNEXX01,0,2021,2024
PWRLDSMNGXX01,0,2021,2024
PWRLDSMOZXX01,0,2021,2024
PWRLDSMRTXX01,0,2021,2024
PWRLDSMUSXX01,0,2021,2024
PWRLDSMWIXX01,0,2021,2024
PWRLDSMYSXX01,0,2021,2024
PWRLDSNAMXX01,0,2021,2024
PWRLDSNERXX01,0,2021,2024
PWRLDSNGAXX01,0,2021,2024
PWRLDSNICXX01,0,2021,2024
PWRLDSNLDXX01,0,2021,2024
PWRLDSNORXX01,0,2021,2024
PWRLDSNPLXX01,0,2021,2024
PWRLDSNZLXX01,0,2021,2024
PWRLDSOMNXX01,0,2021,2024
PWRLDSPAKXX01,0,2021,2024
PWRLDSPANXX01,0,2021,2024
PWRLDSPERXX01,0,2021,2024
PWRLDSPHLXX01,0,2021,2024
PWRLDSPNGXX01,0,2021,2024
PWRLDSPOLXX01,0,2021,2024
PWRLDSPRKXX01,0,2021,2024
PWRLDSPRTXX01,0,2021,2024
PWRLDSPRYXX01,0,2021,2024
PWRLDSQATXX01,0,2021,2024
PWRLDSROUXX01,0,2021,2024
PWRLDSRUSCE01,0,2021,2024
PWRLDSRUSFE01,0,2021,2024
PWRLDSRUSMV01,0,2021,2024
PWRLDSRUSNW01,0,2021,2024
PWRLDSRUSSI01,0,2021,2024
PWRLDSRUSSO01,0,2021,2024
PWRLDSRUSUR01,0,2021,2024
PWRLDSRWAXX01,0,2021,2024
PWRLDSSAUXX01,0,2021,2024
PWRLDSSDNXX01,0,2021,2024
PWRLDSSENXX01,0,2021,2024
PWRLDSSGPXX01,0,2021,2024
PWRLDSSLEXX01,0,2021,2024
PWRLDSSLVXX01,0,2021,2024
PWRLDSSOMXX01,0,2021,2024
PWRLDSSRBXX01,0,2021,2024
PWRLDSSSDXX01,0,2021,2024
PWRLDSSURXX01,0,2021,2024
PWRLDSSVKXX01,0,2021,2024
PWRLDSSVNXX01,0,2021,2024
PWRLDSSWEXX01,0,2021,2024
PWRLDSSWZXX01,0,2021,2024
PWRLDSSYRXX01,0,2021,2024
PWRLDSTCDXX01,0,2021,2024
PWRLDSTGOXX01,0,2021,2024
PWRLDSTHAXX01,0,2021,2024
PWRLDSTJKXX01,0,2021,2024
PWRLDSTKMXX01,0,2021,2024
PWRLDSTLSXX01,0,2021,2024
PWRLDSTTOXX01,0,2021,2024
PWRLDSTUNXX01,0,2021,2024
PWRLDSTURXX01,0,2021,2024
PWRLDSTWNXX01,0,2021,2024
PWRLDSTZAXX01,0,2021,2024
PWRLDSUGAXX01,0,2021,2024
PWRLDSUKRXX01,0,2021,2024
PWRLDSURYXX01,0,2021,2024
PWRLDSUSAAK01,0,2021,2024
PWRLDSUSAAZ01,0,2021,2024
PWRLDSUSACA01,0,2021,2024
PWRLDSUSAER01,0,2021,2024
PWRLDSUSAFR01,0,2021,2024
PWRLDSUSAGU01,0,2021,2024
PWRLDSUSAHA01,0,2021,2024
PWRLDSUSAME01,0,2021,2024
PWRLDSUSAMW01,0,2021,2024
PWRLDSUSANE01,0,2021,2024
PWRLDSUSANW01,0,2021,2024
PWRLDSUSANY01,0,2021,2024
PWRLDSUSAPR01,0,2021,2024
PWRLDSUSARA01,0,2021,2024
PWRLDSUSARE01,0,2021,2024
PWRLDSUSARM01,0,2021,2024
PWRLDSUSARW01,0,2021,2024
PWRLDSUSASA01,0,2021,2024
PWRLDSUSASC01,0,2021,2024
PWRLDSUSASE01,0,2021,2024
PWRLDSUSASN01,0,2021,2024
PWRLDSUSASS01,0,2021,2024
PWRLDSUSASV01,0,2021,2024
PWRLDSUSASW01,0,2021,2024
PWRLDSUZBXX01,0,2021,2024
PWRLDSVENXX01,0,2021,2024
PWRLDSVNMXX01,0,2021,2024
PWRLDSYEMXX01,0,2021,2024
PWRLDSZAFXX01,0,2021,2024
PWRLDSZMBXX01,0,2021,2024
PWRLDSZWEXX01,0,2021,2024
PWRSDSAFGXX01,3,2025,2050
PWRSDSAGOXX01,3,2025,2050
PWRSDSALBXX01,3,2025,2050
PWRSDSAREXX01,3,2025,2050
PWRSDSARGXX01,3,2025,2050
PWRSDSARMXX01,3,2025,2050
PWRSDSATAXX01,3,2025,2050
PWRSDSAUSNT01,3,2025,2050
PWRSDSAUSQL01,3,2025,2050
PWRSDSAUSSA01,3,2025,2050
PWRSDSAUSSW01,3,2025,2050
PWRSDSAUSTA01,3,2025,2050
PWRSDSAUSVI01,3,2025,2050
PWRSDSAUSWA01,3,2025,2050
PWRSDSAUTXX01,3,2025,2050
PWRSDSAZEXX01,3,2025,2050
PWRSDSBDIXX01,3,2025,2050
PWRSDSBELXX01,3,2025,2050
PWRSDSBENXX01,3,2025,2050
PWRSDSBFAXX01,3,2025,2050
PWRSDSBGDXX01,3,2025,2050
PWRSDSBGRXX01,3,2025,2050
PWRSDSBHRXX01,3,2025,2050
PWRSDSBIHXX01,3,2025,2050
PWRSDSBLRXX01,3,2025,2050
PWRSDSBLZXX01,3,2025,2050
PWRSDSBOLXX01,3,2025,2050
PWRSDSBRACN01,3,2025,2050
PWRSDSBRACW01,3,2025,2050
PWRSDSBRAJ101,3,2025,2050
PWRSDSBRAJ201,3,2025,2050
PWRSDSBRAJ301,3,2025,2050
PWRSDSBRANE01,3,2025,2050
PWRSDSBRANW01,3,2025,2050
PWRSDSBRASE01,3,2025,2050
PWRSDSBRASO01,3,2025,2050
PWRSDSBRAWE01,3,2025,2050
PWRSDSBRNXX01,3,2025,2050
PWRSDSBTNXX01,3,2025,2050
PWRSDSBWAXX01,3,2025,2050
PWRSDSCAFXX01,3,2025,2050
PWRSDSCANAB01,3,2025,2050
PWRSDSCANAR01,3,2025,2050
PWRSDSCANBC01,3,2025,2050
PWRSDSCANMB01,3,2025,2050
PWRSDSCANNL01,3,2025,2050
PWRSDSCANNO01,3,2025,2050
PWRSDSCANON01,3,2025,2050
PWRSDSCANQC01,3,2025,2050
PWRSDSCANSK01,3,2025,2050
PWRSDSCHEXX01,3,2025,2050
PWRSDSCHLXX01,3,2025,2050
PWRSDSCHNAN01,3,2025,2050
PWRSDSCHNBE01,3,2025,2050
PWRSDSCHNCH01,3,2025,2050
PWRSDSCHNEM01,3,2025,2050
PWRSDSCHNFU01,3,2025,2050
PWRSDSCHNGA01,3,2025,2050
PWRSDSCHNGD01,3,2025,2050
PWRSDSCHNGU01,3,2025,2050
PWRSDSCHNGX01,3,2025,2050
PWRSDSCHNHA01,3,2025,2050
PWRSDSCHNHB01,3,2025,2050
PWRSDSCHNHE01,3,2025,2050
PWRSDSCHNHJ01,3,2025,2050
PWRSDSCHNHK01,3,2025,2050
PWRSDSCHNHN01,3,2025,2050
PWRSDSCHNHU01,3,2025,2050
PWRSDSCHNJI01,3,2025,2050
PWRSDSCHNJS01,3,2025,2050
PWRSDSCHNJX01,3,2025,2050
PWRSDSCHNLI01,3,2025,2050
PWRSDSCHNMA01,3,2025,2050
PWRSDSCHNNI01,3,2025,2050
PWRSDSCHNQI01,3,2025,2050
PWRSDSCHNSC01,3,2025,2050
PWRSDSCHNSD01,3,2025,2050
PWRSDSCHNSH01,3,2025,2050
PWRSDSCHNSI01,3,2025,2050
PWRSDSCHNSX01,3,2025,2050
PWRSDSCHNTI01,3,2025,2050
PWRSDSCHNTJ01,3,2025,2050
PWRSDSCHNWM01,3,2025,2050
PWRSDSCHNXI01,3,2025,2050
PWRSDSCHNYU01,3,2025,2050
PWRSDSCHNZH01,3,2025,2050
PWRSDSCIVXX01,3,2025,2050
PWRSDSCMRXX01,3,2025,2050
PWRSDSCODXX01,3,2025,2050
PWRSDSCOGXX01,3,2025,2050
PWRSDSCOLXX01,3,2025,2050
PWRSDSCPVXX01,3,2025,2050
PWRSDSCRIXX01,3,2025,2050
PWRSDSCUBXX01,3,2025,2050
PWRSDSCYPXX01,3,2025,2050
PWRSDSCZEXX01,3,2025,2050
PWRSDSDEUXX01,3,2025,2050
PWRSDSDJIXX01,3,2025,2050
PWRSDSDNKXX01,3,2025,2050
PWRSDSDOMXX01,3,2025,2050
PWRSDSDZAXX01,3,2025,2050
PWRSDSECUXX01,3,2025,2050
PWRSDSEGYXX01,3,2025,2050
PWRSDSERIXX01,3,2025,2050
PWRSDSESHXX01,3,2025,2050
PWRSDSESPXX01,3,2025,2050
PWRSDSESTXX01,3,2025,2050
PWRSDSETHXX01,3,2025,2050
PWRSDSFINXX01,3,2025,2050
PWRSDSFJIXX01,3,2025,2050
PWRSDSFRAXX01,3,2025,2050
PWRSDSGABXX01,3,2025,2050
PWRSDSGBRXX01,3,2025,2050
PWRSDSGEOXX01,3,2025,2050
PWRSDSGHAXX01,3,2025,2050
PWRSDSGINXX01,3,2025,2050
PWRSDSGMBXX01,3,2025,2050
PWRSDSGNBXX01,3,2025,2050
PWRSDSGNQXX01,3,2025,2050
PWRSDSGRCXX01,3,2025,2050
PWRSDSGRLXX01,3,2025,2050
PWRSDSGTMXX01,3,2025,2050
PWRSDSGUFXX01,3,2025,2050
PWRSDSGUYXX01,3,2025,2050
PWRSDSHNDXX01,3,2025,2050
PWRSDSHRVXX01,3,2025,2050
PWRSDSHTIXX01,3,2025,2050
PWRSDSHUNXX01,3,2025,2050
PWRSDSIDNXX01,3,2025,2050
PWRSDSINDEA01,3,2025,2050
PWRSDSINDNE01,3,2025,2050
PWRSDSINDNO01,3,2025,2050
PWRSDSINDSO01,3,2025,2050
PWRSDSINDWE01,3,2025,2050
PWRSDSIRLXX01,3,2025,2050
PWRSDSIRNXX01,3,2025,2050
PWRSDSIRQXX01,3,2025,2050
PWRSDSISLXX01,3,2025,2050
PWRSDSISRXX01,3,2025,2050
PWRSDSITAXX01,3,2025,2050
PWRSDSJAMXX01,3,2025,2050
PWRSDSJORXX01,3,2025,2050
PWRSDSJPNCE01,3,2025,2050
PWRSDSJPNHO01,3,2025,2050
PWRSDSJPNKY01,3,2025,2050
PWRSDSJPNOK01,3,2025,2050
PWRSDSJPNSH01,3,2025,2050
PWRSDSJPNTO01,3,2025,2050
PWRSDSKAZXX01,3,2025,2050
PWRSDSKENXX01,3,2025,2050
PWRSDSKGZXX01,3,2025,2050
PWRSDSKHMXX01,3,2025,2050
PWRSDSKORXX01,3,2025,2050
PWRSDSKOSXX01,3,2025,2050
PWRSDSKWTXX01,3,2025,2050
PWRSDSLAOXX01,3,2025,2050
PWRSDSLBNXX01,3,2025,2050
PWRSDSLBRXX01,3,2025,2050
PWRSDSLBYXX01,3,2025,2050
PWRSDSLKAXX01,3,2025,2050
PWRSDSLSOXX01,3,2025,2050
PWRSDSLTUXX01,3,2025,2050
PWRSDSLUXXX01,3,2025,2050
PWRSDSLVAXX01,3,2025,2050
PWRSDSMARXX01,3,2025,2050
PWRSDSMDAXX01,3,2025,2050
PWRSDSMDGXX01,3,2025,2050
PWRSDSMEXXX01,3,2025,2050
PWRSDSMKDXX01,3,2025,2050
PWRSDSMLIXX01,3,2025,2050
PWRSDSMLTXX01,3,2025,2050
PWRSDSMMRXX01,3,2025,2050
PWRSDSMNEXX01,3,2025,2050
PWRSDSMNGXX01,3,2025,2050
PWRSDSMOZXX01,3,2025,2050
PWRSDSMRTXX01,3,2025,2050
PWRSDSMUSXX01,3,2025,2050
PWRSDSMWIXX01,3,2025,2050
PWRSDSMYSXX01,3,2025,2050
PWRSDSNAMXX01,3,2025,2050
PWRSDSNERXX01,3,2025,2050
PWRSDSNGAXX01,3,2025,2050
PWRSDSNICXX01,3,2025,2050
PWRSDSNLDXX01,3,2025,2050
PWRSDSNORXX01,3,2025,2050
PWRSDSNPLXX01,3,2025,2050
PWRSDSNZLXX01,3,2025,2050
PWRSDSOMNXX01,3,2025,2050
PWRSDSPAKXX01,3,2025,2050
PWRSDSPANXX01,3,2025,2050
PWRSDSPERXX01,3,2025,2050
PWRSDSPHLXX01,3,2025,2050
PWRSDSPNGXX01,3,2025,2050
PWRSDSPOLXX01,3,2025,2050
PWRSDSPRKXX01,3,2025,2050
PWRSDSPRTXX01,3,2025,2050
PWRSDSPRYXX01,3,2025,2050
PWRSDSQATXX01,3,2025,2050
PWRSDSROUXX01,3,2025,2050
PWRSDSRUSCE01,3,2025,2050
PWRSDSRUSFE01,3,2025,2050
PWRSDSRUSMV01,3,2025,2050
PWRSDSRUSNW01,3,2025,2050
PWRSDSRUSSI01,3,2025,2050
PWRSDSRUSSO01,3,2025,2050
PWRSDSRUSUR01,3,2025,2050
PWRSDSRWAXX01,3,2025,2050
PWRSDSSAUXX01,3,2025,2050
PWRSDSSDNXX01,3,2025,2050
PWRSDSSENXX01,3,2025,2050
PWRSDSSGPXX01,3,2025,2050
PWRSDSSLEXX01,3,2025,2050
PWRSDSSLVXX01,3,2025,2050
PWRSDSSOMXX01,3,2025,2050
PWRSDSSRBXX01,3,2025,2050
PWRSDSSSDXX01,3,2025,2050
PWRSDSSURXX01,3,2025,2050
PWRSDSSVKXX01,3,2025,2050
PWRSDSSVNXX01,3,2025,2050
PWRSDSSWEXX01,3,2025,2050
PWRSDSSWZXX01,3,2025,2050
PWRSDSSYRXX01,3,2025,2050
PWRSDSTCDXX01,3,2025,2050
PWRSDSTGOXX01,3,2025,2050
PWRSDSTHAXX01,3,2025,2050
PWRSDSTJKXX01,3,2025,2050
PWRSDSTKMXX01,3,2025,2050
PWRSDSTLSXX01,3,2025,2050
PWRSDSTTOXX01,3,2025,2050
PWRSDSTUNXX01,3,2025,2050
PWRSDSTURXX01,3,2025,2050
PWRSDSTWNXX01,3,2025,2050
PWRSDSTZAXX01,3,2025,2050
PWRSDSUGAXX01,3,2025,2050
PWRSDSUKRXX01,3,2025,2050
PWRSDSURYXX01,3,2025,2050
PWRSDSUSAAK01,3,2025,2050
PWRSDSUSAAZ01,3,2025,2050
PWRSDSUSACA01,3,2025,2050
PWRSDSUSAER01,3,2025,2050
PWRSDSUSAFR01,3,2025,2050
PWRSDSUSAGU01,3,2025,2050
PWRSDSUSAHA01,3,2025,2050
PWRSDSUSAME01,3,2025,2050
PWRSDSUSAMW01,3,2025,2050
PWRSDSUSANE01,3,2025,2050
PWRSDSUSANW01,3,2025,2050
PWRSDSUSANY01,3,2025,2050
PWRSDSUSAPR01,3,2025,2050
PWRSDSUSARA01,3,2025,2050
PWRSDSUSARE01,3,2025,2050
PWRSDSUSARM01,3,2025,2050
PWRSDSUSARW01,3,2025,2050
PWRSDSUSASA01,3,2025,2050
PWRSDSUSASC01,3,2025,2050
PWRSDSUSASE01,3,2025,2050
PWRSDSUSASN01,3,2025,2050
PWRSDSUSASS01,3,2025,2050
PWRSDSUSASV01,3,2025,2050
PWRSDSUSASW01,3,2025,2050
PWRSDSUZBXX01,3,2025,2050
PWRSDSVENXX01,3,2025,2050
PWRSDSVNMXX01,3,2025,2050
PWRSDSYEMXX01,3,2025,2050
PWRSDSZAFXX01,3,2025,2050
PWRSDSZMBXX01,3,2025,2050
PWRSDSZWEXX01,3,2025,2050
PWRLDSAFGXX01,3,2025,2050
PWRLDSAGOXX01,3,2025,2050
PWRLDSALBXX01,3,2025,2050
PWRLDSAREXX01,3,2025,2050
PWRLDSARGXX01,3,2025,2050
PWRLDSARMXX01,3,2025,2050
PWRLDSATAXX01,3,2025,2050
PWRLDSAUSNT01,3,2025,2050
PWRLDSAUSQL01,3,2025,2050
PWRLDSAUSSA01,3,2025,2050
PWRLDSAUSSW01,3,2025,2050
PWRLDSAUSTA01,3,2025,2050
PWRLDSAUSVI01,3,2025,2050
PWRLDSAUSWA01,3,2025,2050
PWRLDSAUTXX01,3,2025,2050
PWRLDSAZEXX01,3,2025,2050
PWRLDSBDIXX01,3,2025,2050
PWRLDSBELXX01,3,2025,2050
PWRLDSBENXX01,3,2025,2050
PWRLDSBFAXX01,3,2025,2050
PWRLDSBGDXX01,3,2025,2050
PWRLDSBGRXX01,3,2025,2050
PWRLDSBHRXX01,3,2025,2050
PWRLDSBIHXX01,3,2025,2050
PWRLDSBLRXX01,3,2025,2050
PWRLDSBLZXX01,3,2025,2050
PWRLDSBOLXX01,3,2025,2050
PWRLDSBRACN01,3,2025,2050
PWRLDSBRACW01,3,2025,2050
PWRLDSBRAJ101,3,2025,2050
PWRLDSBRAJ201,3,2025,2050
PWRLDSBRAJ301,3,2025,2050
PWRLDSBRANE01,3,2025,2050
PWRLDSBRANW01,3,2025,2050
PWRLDSBRASE01,3,2025,2050
PWRLDSBRASO01,3,2025,2050
PWRLDSBRAWE01,3,2025,2050
PWRLDSBRNXX01,3,2025,2050
PWRLDSBTNXX01,3,2025,2050
PWRLDSBWAXX01,3,2025,2050
PWRLDSCAFXX01,3,2025,2050
PWRLDSCANAB01,3,2025,2050
PWRLDSCANAR01,3,2025,2050
PWRLDSCANBC01,3,2025,2050
PWRLDSCANMB01,3,2025,2050
PWRLDSCANNL01,3,2025,2050
PWRLDSCANNO01,3,2025,2050
PWRLDSCANON01,3,2025,2050
PWRLDSCANQC01,3,2025,2050
PWRLDSCANSK01,3,2025,2050
PWRLDSCHEXX01,3,2025,2050
PWRLDSCHLXX01,3,2025,2050
PWRLDSCHNAN01,3,2025,2050
PWRLDSCHNBE01,3,2025,2050
PWRLDSCHNCH01,3,2025,2050
PWRLDSCHNEM01,3,2025,2050
PWRLDSCHNFU01,3,2025,2050
PWRLDSCHNGA01,3,2025,2050
PWRLDSCHNGD01,3,2025,2050
PWRLDSCHNGU01,3,2025,2050
PWRLDSCHNGX01,3,2025,2050
PWRLDSCHNHA01,3,2025,2050
PWRLDSCHNHB01,3,2025,2050
PWRLDSCHNHE01,3,2025,2050
PWRLDSCHNHJ01,3,2025,2050
PWRLDSCHNHK01,3,2025,2050
PWRLDSCHNHN01,3,2025,2050
PWRLDSCHNHU01,3,2025,2050
PWRLDSCHNJI01,3,2025,2050
PWRLDSCHNJS01,3,2025,2050
PWRLDSCHNJX01,3,2025,2050
PWRLDSCHNLI01,3,2025,2050
PWRLDSCHNMA01,3,2025,2050
PWRLDSCHNNI01,3,2025,2050
PWRLDSCHNQI01,3,2025,2050
PWRLDSCHNSC01,3,2025,2050
PWRLDSCHNSD01,3,2025,2050
PWRLDSCHNSH01,3,2025,2050
PWRLDSCHNSI01,3,2025,2050
PWRLDSCHNSX01,3,2025,2050
PWRLDSCHNTI01,3,2025,2050
PWRLDSCHNTJ01,3,2025,2050
PWRLDSCHNWM01,3,2025,2050
PWRLDSCHNXI01,3,2025,2050
PWRLDSCHNYU01,3,2025,2050
PWRLDSCHNZH01,3,2025,2050
PWRLDSCIVXX01,3,2025,2050
PWRLDSCMRXX01,3,2025,2050
PWRLDSCODXX01,3,2025,2050
PWRLDSCOGXX01,3,2025,2050
PWRLDSCOLXX01,3,2025,2050
PWRLDSCPVXX01,3,2025,2050
PWRLDSCRIXX01,3,2025,2050
PWRLDSCUBXX01,3,2025,2050
PWRLDSCYPXX01,3,2025,2050
PWRLDSCZEXX01,3,2025,2050
PWRLDSDEUXX01,3,2025,2050
PWRLDSDJIXX01,3,2025,2050
PWRLDSDNKXX01,3,2025,2050
PWRLDSDOMXX01,3,2025,2050
PWRLDSDZAXX01,3,2025,2050
PWRLDSECUXX01,3,2025,2050
PWRLDSEGYXX01,3,2025,2050
PWRLDSERIXX01,3,2025,2050
PWRLDSESHXX01,3,2025,2050
PWRLDSESPXX01,3,2025,2050
PWRLDSESTXX01,3,2025,2050
PWRLDSETHXX01,3,2025,2050
PWRLDSFINXX01,3,2025,2050
PWRLDSFJIXX01,3,2025,2050
PWRLDSFRAXX01,3,2025,2050
PWRLDSGABXX01,3,2025,2050
PWRLDSGBRXX01,3,2025,2050
PWRLDSGEOXX01,3,2025,2050
PWRLDSGHAXX01,3,2025,2050
PWRLDSGINXX01,3,2025,2050
PWRLDSGMBXX01,3,2025,2050
PWRLDSGNBXX01,3,2025,2050
PWRLDSGNQXX01,3,2025,2050
PWRLDSGRCXX01,3,2025,2050
PWRLDSGRLXX01,3,2025,2050
PWRLDSGTMXX01,3,2025,2050
PWRLDSGUFXX01,3,2025,2050
PWRLDSGUYXX01,3,2025,2050
PWRLDSHNDXX01,3,2025,2050
PWRLDSHRVXX01,3,2025,2050
PWRLDSHTIXX01,3,2025,2050
PWRLDSHUNXX01,3,2025,2050
PWRLDSIDNXX01,3,2025,2050
PWRLDSINDEA01,3,2025,2050
PWRLDSINDNE01,3,2025,2050
PWRLDSINDNO01,3,2025,2050
PWRLDSINDSO01,3,2025,2050
PWRLDSINDWE01,3,2025,2050
PWRLDSIRLXX01,3,2025,2050
PWRLDSIRNXX01,3,2025,2050
PWRLDSIRQXX01,3,2025,2050
PWRLDSISLXX01,3,2025,2050
PWRLDSISRXX01,3,2025,2050
PWRLDSITAXX01,3,2025,2050
PWRLDSJAMXX01,3,2025,2050
PWRLDSJORXX01,3,2025,2050
PWRLDSJPNCE01,3,2025,2050
PWRLDSJPNHO01,3,2025,2050
PWRLDSJPNKY01,3,2025,2050
PWRLDSJPNOK01,3,2025,2050
PWRLDSJPNSH01,3,2025,2050
PWRLDSJPNTO01,3,2025,2050
PWRLDSKAZXX01,3,2025,2050
PWRLDSKENXX01,3,2025,2050
PWRLDSKGZXX01,3,2025,2050
PWRLDSKHMXX01,3,2025,2050
PWRLDSKORXX01,3,2025,2050
PWRLDSKOSXX01,3,2025,2050
PWRLDSKWTXX01,3,2025,2050
PWRLDSLAOXX01,3,2025,2050
PWRLDSLBNXX01,3,2025,2050
PWRLDSLBRXX01,3,2025,2050
PWRLDSLBYXX01,3,2025,2050
PWRLDSLKAXX01,3,2025,2050
PWRLDSLSOXX01,3,2025,2050
PWRLDSLTUXX01,3,2025,2050
PWRLDSLUXXX01,3,2025,2050
PWRLDSLVAXX01,3,2025,2050
PWRLDSMARXX01,3,2025,2050
PWRLDSMDAXX01,3,2025,2050
PWRLDSMDGXX01,3,2025,2050
PWRLDSMEXXX01,3,2025,2050
PWRLDSMKDXX01,3,2025,2050
PWRLDSMLIXX01,3,2025,2050
PWRLDSMLTXX01,3,2025,2050
PWRLDSMMRXX01,3,2025,2050
PWRLDSMNEXX01,3,2025,2050
PWRLDSMNGXX01,3,2025,2050
PWRLDSMOZXX01,3,2025,2050
PWRLDSMRTXX01,3,2025,2050
PWRLDSMUSXX01,3,2025,2050
PWRLDSMWIXX01,3,2025,2050
PWRLDSMYSXX01,3,2025,2050
PWRLDSNAMXX01,3,2025,2050
PWRLDSNERXX01,3,2025,2050
PWRLDSNGAXX01,3,2025,2050
PWRLDSNICXX01,3,2025,2050
PWRLDSNLDXX01,3,2025,2050
PWRLDSNORXX01,3,2025,2050
PWRLDSNPLXX01,3,2025,2050
PWRLDSNZLXX01,3,2025,2050
PWRLDSOMNXX01,3,2025,2050
PWRLDSPAKXX01,3,2025,2050
PWRLDSPANXX01,3,2025,2050
PWRLDSPERXX01,3,2025,2050
PWRLDSPHLXX01,3,2025,2050
PWRLDSPNGXX01,3,2025,2050
PWRLDSPOLXX01,3,2025,2050
PWRLDSPRKXX01,3,2025,2050
PWRLDSPRTXX01,3,2025,2050
PWRLDSPRYXX01,3,2025,2050
PWRLDSQATXX01,3,2025,2050
PWRLDSROUXX01,3,2025,2050
PWRLDSRUSCE01,3,2025,2050
PWRLDSRUSFE01,3,2025,2050
PWRLDSRUSMV01,3,2025,2050
PWRLDSRUSNW01,3,2025,2050
PWRLDSRUSSI01,3,2025,2050
PWRLDSRUSSO01,3,2025,2050
PWRLDSRUSUR01,3,2025,2050
PWRLDSRWAXX01,3,2025,2050
PWRLDSSAUXX01,3,2025,2050
PWRLDSSDNXX01,3,2025,2050
PWRLDSSENXX01,3,2025,2050
PWRLDSSGPXX01,3,2025,2050
PWRLDSSLEXX01,3,2025,2050
PWRLDSSLVXX01,3,2025,2050
PWRLDSSOMXX01,3,2025,2050
PWRLDSSRBXX01,3,2025,2050
PWRLDSSSDXX01,3,2025,2050
PWRLDSSURXX01,3,2025,2050
PWRLDSSVKXX01,3,2025,2050
PWRLDSSVNXX01,3,2025,2050
PWRLDSSWEXX01,3,2025,2050
PWRLDSSWZXX01,3,2025,2050
PWRLDSSYRXX01,3,2025,2050
PWRLDSTCDXX01,3,2025,2050
PWRLDSTGOXX01,3,2025,2050
PWRLDSTHAXX01,3,2025,2050
PWRLDSTJKXX01,3,2025,2050
PWRLDSTKMXX01,3,2025,2050
PWRLDSTLSXX01,3,2025,2050
PWRLDSTTOXX01,3,2025,2050
PWRLDSTUNXX01,3,2025,2050
PWRLDSTURXX01,3,2025,2050
PWRLDSTWNXX01,3,2025,2050
PWRLDSTZAXX01,3,2025,2050
PWRLDSUGAXX01,3,2025,2050
PWRLDSUKRXX01,3,2025,2050
PWRLDSURYXX01,3,2025,2050
PWRLDSUSAAK01,3,2025,2050
PWRLDSUSAAZ01,3,2025,2050
PWRLDSUSACA01,3,2025,2050
PWRLDSUSAER01,3,2025,2050
PWRLDSUSAFR01,3,2025,2050
PWRLDSUSAGU01,3,2025,2050
PWRLDSUSAHA01,3,2025,2050
PWRLDSUSAME01,3,2025,2050
PWRLDSUSAMW01,3,2025,2050
PWRLDSUSANE01,3,2025,2050
PWRLDSUSANW01,3,2025,2050
PWRLDSUSANY01,3,2025,2050
PWRLDSUSAPR01,3,2025,2050
PWRLDSUSARA01,3,2025,2050
PWRLDSUSARE01,3,2025,2050
PWRLDSUSARM01,3,2025,2050
PWRLDSUSARW01,3,2025,2050
PWRLDSUSASA01,3,2025,2050
PWRLDSUSASC01,3,2025,2050
PWRLDSUSASE01,3,2025,2050
PWRLDSUSASN01,3,2025,2050
PWRLDSUSASS01,3,2025,2050
PWRLDSUSASV01,3,2025,2050
PWRLDSUSASW01,3,2025,2050
PWRLDSUZBXX01,3,2025,2050
PWRLDSVENXX01,3,2025,2050
PWRLDSVNMXX01,3,2025,2050
PWRLDSYEMXX01,3,2025,2050
PWRLDSZAFXX01,3,2025,2050
PWRLDSZMBXX01,3,2025,2050
PWRLDSZWEXX01,3,2025,2050
